"","sources","Nb_peaks","Peak_intensity_max_peak_1","Peak_intensity_max_peak_2","Frequency_factor_peak_1","Frequency_factor_peak_2","Peak_intensity_integrated_peak_1","Peak_intensity_integrated_peak_2","Peak_intensity_integrated_relative_peak_1","Peak_intensity_integrated_relative_peak_2","Peak_temperature_peak_1","Peak_temperature_peak_2","Peak_intensity_peak_1","Peak_intensity_peak_2","Nb_components","Cross_section_component_1","Cross_section_relative_component_1","Intensity_component_1","Sensitivity_component_1","Pop_fraction"
"Record_1...1","S1",2,27691.2139447052,639.124079017959,195712793792.004,18087422154347.4,1198685.49005877,40704.6657838346,1,0.0339577529897679,489.55,568.05,28197.9859070288,635.267346856333,1,4.17858122131632e-18,1,51438434.2884623,1028768.68576925,0.67621776504298
"Record_11...2","S1",2.002,27718.9051586499,639.763203096977,195908506585.796,18105509576501.8,1199884.17554883,40745.3704496185,1.001,0.0339917107427576,490.03955,568.61805,28226.1838929358,635.90261420319,1.001,4.18275980253763e-18,1.001,51489872.7227508,1029797.45445502,0.67621776504298
"Record_1...3","S2",2,3381.71757456,81.6682261458497,395738774757.088,543693671.876037,144524.496101449,5560.05613129585,1,0.0384713753119954,488.35,569.35,3445.98848643823,78.0503815528444,1,4.07859400227569e-18,1,59577828.9277689,1191556.57855538,0.32378223495702
"Record_11...4","S2",2.002,3385.09929213456,81.7498943719956,396134513531.845,544237365.547913,144669.02059755,5565.61618742715,1.001,0.0385098466873074,488.83835,569.91935,3449.43447492467,78.1284319343973,1.001,4.08267259627796e-18,1.001,59637406.7566966,1192748.13513393,0.32378223495702
"Record_1...5","Mixed",2,20979.7846736509,492.258105856343,250467956810.389,106548110732.25,900544.819160923,28585.9129757332,1,0.0317429098113827,489.15,568.15,21150.9499955145,470.345204718205,1,4.14728830503738e-18,1,53846115.6698209,1076922.31339642,NA
